{
  "target_pose6": [
    57.5819091796875,
    76.17764282226562,
    1108.508544921875,
    -1.926516056060791,
    -0.15095600485801697,
    -1.3083269596099854
  ],
  "candidate_subspaces": [
    0
  ],
  "candidate_source": "classification_predictions",
  "fallback_full_scan_triggered": false,
  "initial_solution": {
    "subspace_id": 0,
    "q0_deg": [
      -0.011685840785503387,
      -0.04494986683130264,
      -0.27432364225387573,
      -0.0643501803278923,
      0.18616025149822235,
      -0.1620633900165558
    ],
    "position_l2_mm": 495.7419445002293,
    "e_max": 1109.8023681640625
  },
  "refined_solution": {
    "q_deg": [
      110.73410749171171,
      16.935860598939627,
      -99.51559678028065,
      -270.0,
      -80.27489365335632,
      -91.26694264740323
    ],
    "final_pose6": [
      37.55477327805561,
      129.0820861458924,
      1101.14126700967,
      -1.2126959919047962,
      -0.1513016294122274,
      -1.4005324454387424
    ],
    "nr_iters": 40,
    "nr_converged": false,
    "final_pos_err_mm": 57.04626647821705,
    "final_ori_err_rad": 0.7197542803587355
  },
  "ik_solve_time_ms": 220.77670000000006,
  "timing_breakdown_ms": {
    "classification_ms": 114.6199999999995,
    "initial_selection_ms": 7.895699999999728,
    "fallback_full_scan_ms": 0.0,
    "nr_refinement_ms": 93.0061000000002,
    "total_ms": 220.77670000000006
  }
}