{
  "target_pose6": [
    100.0,
    200.0,
    800.0,
    0.10000000149011612,
    -0.20000000298023224,
    0.30000001192092896
  ],
  "cls_topk": 3,
  "candidate_subspaces": [
    27,
    45,
    146,
    159,
    164
  ],
  "candidate_source": "classification_predictions",
  "fallback_full_scan_triggered": false,
  "initial_solution": {
    "subspace_id": 164,
    "q0_deg": [
      69.2541732788086,
      99.33446502685547,
      -198.62179565429688,
      198.32774353027344,
      11.147384643554688,
      -77.87554931640625
    ],
    "position_l2_mm": 44.826365820498395,
    "e_max": 668.9664306640625
  },
  "ik_solve_time_ms": 48.04110000000006,
  "timing_breakdown_ms": {
    "classification_ms": 35.76809999999986,
    "initial_selection_ms": 10.31699999999991,
    "fallback_full_scan_ms": 0.0,
    "nr_refinement_ms": 0.0,
    "total_ms": 48.04110000000006
  }
}