{
  "robot_name": "ABB_IRB",
  "robot_model": "IRB 1200-7/0.7",
  "joint_limits_deg": [
    [
      -170.0,
      170.0
    ],
    [
      -100.0,
      135.0
    ],
    [
      -200.0,
      70.0
    ],
    [
      -270.0,
      270.0
    ],
    [
      -130.0,
      130.0
    ],
    [
      -180.0,
      180.0
    ]
  ],
  "dh_parameters": {
    "a_mm": [
      0.0,
      350.0,
      42.0,
      0.0,
      0.0,
      0.0
    ],
    "alpha_deg": [
      -90.0,
      0.0,
      -90.0,
      90.0,
      -90.0,
      0.0
    ],
    "d_mm": [
      399.1,
      0.0,
      0.0,
      351.0,
      0.0,
      82.0
    ],
    "theta_offsets_deg": [
      0.0,
      -90.0,
      0.0,
      0.0,
      0.0,
      0.0
    ]
  },
  "zero_pose": {
    "q_deg": [
      0.0,
      0.0,
      0.0,
      0.0,
      0.0,
      0.0
    ],
    "joint_points_mm": [
      [
        0.0,
        0.0,
        0.0
      ],
      [
        0.0,
        0.0,
        399.1
      ],
      [
        2.1431318985078682e-14,
        -2.1431318985078682e-14,
        749.1
      ],
      [
        2.4003077263288124e-14,
        -2.4003077263288124e-14,
        791.1
      ],
      [
        351.0,
        -2.5105259382520737e-15,
        791.1
      ],
      [
        351.0,
        -2.5105259382520737e-15,
        791.1
      ],
      [
        433.0,
        2.5105259382520745e-15,
        791.1
      ]
    ],
    "pose6": {
      "x_mm": 433.0,
      "y_mm": 2.5105259382520745e-15,
      "z_mm": 791.1,
      "phi_rad": -3.141592653589793,
      "theta_rad": -1.5707963267948966,
      "psi_rad": 0.0
    },
    "mechanical_wrist_center_mm": [
      351.0,
      -2.5105259382520737e-15,
      791.1
    ],
    "end_effector_mm": [
      433.0,
      2.5105259382520745e-15,
      791.1
    ]
  },
  "official_workspace_validation": {
    "metric": "IRB1200产品规格.pdf p54 mechanical wrist center XZ error",
    "current_model_result": {
      "theta2_offset_deg": -90.0,
      "mean_xz_error_mm": 0.4132266098133511,
      "max_xz_error_mm": 0.5751718068160968,
      "samples": [
        {
          "name": "Pos0",
          "q_deg": [
            0.0,
            0.0,
            0.0,
            0.0,
            0.0,
            0.0
          ],
          "official_wrist_center_xz_mm": [
            351.0,
            791.0
          ],
          "model_wrist_center_xyz_mm": [
            351.0,
            -2.5105259382520737e-15,
            791.1
          ],
          "model_wrist_center_xz_mm": [
            351.0,
            791.1
          ],
          "xz_error_mm": 0.10000000000002274,
          "source": "IRB1200产品规格.pdf p54"
        },
        {
          "name": "Pos3",
          "q_deg": [
            0.0,
            90.0,
            -83.0,
            0.0,
            0.0,
            0.0
          ],
          "official_wrist_center_xz_mm": [
            703.0,
            398.0
          ],
          "model_wrist_center_xyz_mm": [
            703.5022116491202,
            2.155924566113113e-14,
            398.01079883372876
          ],
          "model_wrist_center_xz_mm": [
            703.5022116491202,
            398.01079883372876
          ],
          "xz_error_mm": 0.5023277369625921,
          "source": "IRB1200产品规格.pdf p54"
        },
        {
          "name": "Pos6",
          "q_deg": [
            0.0,
            -100.0,
            70.0,
            0.0,
            0.0,
            0.0
          ],
          "official_wrist_center_xz_mm": [
            -62.0,
            550.0
          ],
          "model_wrist_center_xyz_mm": [
            -61.707796825934906,
            1.224057714795332e-14,
            550.1962047755209
          ],
          "model_wrist_center_xz_mm": [
            -61.707796825934906,
            550.1962047755209
          ],
          "xz_error_mm": 0.3519644994469043,
          "source": "IRB1200产品规格.pdf p54"
        },
        {
          "name": "Pos7",
          "q_deg": [
            0.0,
            -90.0,
            -83.0,
            0.0,
            0.0,
            0.0
          ],
          "official_wrist_center_xz_mm": [
            -703.0,
            400.0
          ],
          "model_wrist_center_xyz_mm": [
            -703.5022116491202,
            2.142585698894096e-14,
            400.1892011662714
          ],
          "model_wrist_center_xz_mm": [
            -703.5022116491202,
            400.1892011662714
          ],
          "xz_error_mm": 0.5366690058411393,
          "source": "IRB1200产品规格.pdf p54"
        },
        {
          "name": "Pos9",
          "q_deg": [
            0.0,
            135.0,
            -200.0,
            0.0,
            0.0,
            0.0
          ],
          "official_wrist_center_xz_mm": [
            358.0,
            488.0
          ],
          "model_wrist_center_xyz_mm": [
            357.76145623073785,
            1.608104366683801e-14,
            487.4766268276819
          ],
          "model_wrist_center_xz_mm": [
            357.76145623073785,
            487.4766268276819
          ],
          "xz_error_mm": 0.5751718068160968,
          "source": "IRB1200产品规格.pdf p54"
        }
      ]
    },
    "theta2_offset_hypotheses": [
      {
        "theta2_offset_deg": -90.0,
        "mean_xz_error_mm": 0.4132266098133511,
        "max_xz_error_mm": 0.5751718068160968,
        "samples": [
          {
            "name": "Pos0",
            "q_deg": [
              0.0,
              0.0,
              0.0,
              0.0,
              0.0,
              0.0
            ],
            "official_wrist_center_xz_mm": [
              351.0,
              791.0
            ],
            "model_wrist_center_xyz_mm": [
              351.0,
              -2.5105259382520737e-15,
              791.1
            ],
            "model_wrist_center_xz_mm": [
              351.0,
              791.1
            ],
            "xz_error_mm": 0.10000000000002274,
            "source": "IRB1200产品规格.pdf p54"
          },
          {
            "name": "Pos3",
            "q_deg": [
              0.0,
              90.0,
              -83.0,
              0.0,
              0.0,
              0.0
            ],
            "official_wrist_center_xz_mm": [
              703.0,
              398.0
            ],
            "model_wrist_center_xyz_mm": [
              703.5022116491202,
              2.155924566113113e-14,
              398.01079883372876
            ],
            "model_wrist_center_xz_mm": [
              703.5022116491202,
              398.01079883372876
            ],
            "xz_error_mm": 0.5023277369625921,
            "source": "IRB1200产品规格.pdf p54"
          },
          {
            "name": "Pos6",
            "q_deg": [
              0.0,
              -100.0,
              70.0,
              0.0,
              0.0,
              0.0
            ],
            "official_wrist_center_xz_mm": [
              -62.0,
              550.0
            ],
            "model_wrist_center_xyz_mm": [
              -61.707796825934906,
              1.224057714795332e-14,
              550.1962047755209
            ],
            "model_wrist_center_xz_mm": [
              -61.707796825934906,
              550.1962047755209
            ],
            "xz_error_mm": 0.3519644994469043,
            "source": "IRB1200产品规格.pdf p54"
          },
          {
            "name": "Pos7",
            "q_deg": [
              0.0,
              -90.0,
              -83.0,
              0.0,
              0.0,
              0.0
            ],
            "official_wrist_center_xz_mm": [
              -703.0,
              400.0
            ],
            "model_wrist_center_xyz_mm": [
              -703.5022116491202,
              2.142585698894096e-14,
              400.1892011662714
            ],
            "model_wrist_center_xz_mm": [
              -703.5022116491202,
              400.1892011662714
            ],