theta2_offset_deg,mean_xz_error_mm,max_xz_error_mm
-90.0,0.4132266098133511,0.5751718068160968
0.0,697.1985211261965,994.6815927789121
90.0,985.8064203880846,1406.5039153787
